,name_id,name,belief,timestamp,type,type_int,type_id,block_ID35,block_ID34,roctopus_constraint,power_pos,n_power_pos,members_power,power_idea,n_power_idea,legal_status,scope,country,country_type,country_id,resource_lob,resources_raw,resources_cat,ln_resource_lob,revenue,lnrevenue,degree_aff,betweeness_aff,lnbetweenness_aff,constraint_aff,ens_aff,lnens_aff,n_pref,overlap_cons,lnoverlap_cons,bonacich_pos03,bonacich_neg05,bonacich_company_neg,bonachich_aff_pos,bonacich_company_pos,entropy_raw,lnentropy_norm,zentropy_norm,betweenness_norm,constraint_norm,inter_term
1,1,3m,a,02/07/2013 17:12,Companies & groups,1,2,1,1,17,0,0,,0,0,corporation,global,usa,usa_0,19,649999.5,"1,000,000 € - 1,249,999",6,13.38472687,7831000,15.87360077,7,535.5810109,6.283352159,0.159884311,6.428571429,1.860752341,5,16.70588235,2.815760894,0,0,-4.903728342,-1.127920277,-1.507576582,1.039720771,0.038952188,0.815695096,534.9778424,-1.221358035,
2,2,a2a,b,28/06/2013 17:24,Companies & groups,1,2,2,2,28,0,0,,1,2,corporation,european,italy,italy_0,10,1374999.5,"100,000 € - 199,999 €",7,14.13396393,362000000,19.70715477,4,135.0544516,4.905678042,0.25,4,1.386294361,6,9.785714286,2.280923596,0,0,-0.475738649,-12.94854661,2.809725359,0.641114819,-0.444546713,0.205039117,134.4512831,-1.131242346,
3,3,acciona,a,20/06/2013 12:59,Companies & groups,1,2,3,3,17,1,2,,1,2,firm,european,spain,spain_0,15,150000,150000,4,11.91839057,6500000,15.68731273,7,180.3839124,5.195087426,0.158177354,6.428571429,1.860752341,6,16.15789474,2.782408769,0,0,5.949782707,-13.13109166,0.689742128,0,0,-0.777135374,179.7807439,-1.223064992,
4,4,aci-europe,b,01/07/2013 15:12,umbrella,0,1,4,4,53,0,0,,1,1,association,european,belgium,belgium_1,2,1124500,"50,000 € - 99,999 €",6,13.93284905,496178254,20.0224458,2,9.60376869,2.262155593,0.5,2,0.693147181,4,3,1.098612289,0.278901803,0.534776952,,-4.534786373,1,1.597729574,0.468583605,1.670552908,9.000600152,-0.881242346,
5,5,acogen,b,01/08/2013 15:53,umbrella,0,1,5,5,22,0,0,,0,0,association,european,spain,spain_1,15,74999.5,"2,500,000 € - 2,749,000 €",4,11.22523673,,,7,383.8173313,5.95016674,0.15523496,6.428571429,1.860752341,2,27.88461538,3.328075117,0.83670541,1.604330855,,-12.86333512,1.17441633,2.003289568,0.694790613,2.291862334,383.2141628,-1.226007386,
6,6,actionaid,a,02/07/2013 15:48,ngo & think tank,1,3,6,6,0,0,0,,0,0,ngo,global,belgium,belgium_0,2,115403,"2,500,000 € - 2,749,000 €",4,11.65618563,,,1,0,0,1,1,0,3,1,0,0,0,1,1.420369299,-7.543068544,0,NA,-0.777135374,-0.603168538,-0.381242346,
7,7,adene,b,02/07/2013 21:48,Companies & groups,1,2,7,7,100,0,0,,0,0,firm,european,portugal,portugal_0,14,150000,"700,000 € - 799,999 €",4,11.91839057,,,1,0,0,1,1,0,2,1,0,0,0,1.545307987,5.968811652,0.153819184,1.026991665,0.026633815,0.796194372,-0.603168538,-0.381242346,
8,8,adhr,a,02/07/2013 17:36,umbrella,0,1,8,8,0,0,0,,1,2,interest group of legal entities,european,czech republic,czech republic_1,3,,"900,000 € - 999,999 €",0,,,,1,0,0,1,1,0,5,0,NA,0.139450902,0.267388476,,2,-1.069068385,0,NA,-0.777135374,-0.603168538,-0.381242346,
9,9,aebiom,a,01/08/2013 15:55,umbrella,0,1,9,5,16,0,0,,0,0,association,european,belgium,belgium_1,2,225000,"800,000 € - 899,999 €",5,12.32385568,,,16,2244.999353,7.716460512,0.075120125,15.375,2.732742814,5,31.81481481,3.459932056,2.37970665,1.648895601,,6.819680441,1,0,NA,-0.777135374,2244.396184,-1.306122221,
10,10,aee,b,02/07/2013 17:59,umbrella,0,1,7,7,22,0,0,,1,2,association,european,spain,spain_1,15,72500,,4,11.19134184,1254095,14.04192475,7,181.0200653,5.198607883,0.168442113,5.857142857,1.767661918,6,26.10638298,3.262179843,0.83670541,1.604330855,,-1.746363527,-2.347619346,0.908908735,-0.095510591,0.615293793,180.4168968,-1.212800233,
11,11,aegpl,b,28/06/2013 13:24,umbrella,0,1,10,6,100,0,0,,0,0,association,european,belgium,belgium_1,2,110000,"110,000 €",5,11.60823564,,,2,0,0,0.70703125,1,0,1,3.8,1.335001067,0.404407615,0.133694238,,7.359220437,-2.018408235,0.277987164,-1.280180339,-0.351264854,-0.603168538,-0.674211096,
12,12,afep,a,02/07/2013 12:16,umbrella,0,1,8,8,14,0,0,,0,0,association,european,france,france_1,6,1124500,"200,000€ - 250,000€",6,13.93284905,,,9,1351.289515,7.208814612,0.111111111,9,2.197224577,3,25.44,3.236322738,1.255058115,2.406496283,,-1.393778894,1.44854764,0.693147181,-0.36651292,0.284751607,1350.686346,-1.270131235,
13,13,aie,a,02/07/2013 23:46,umbrella,0,1,11,9,0,0,0,,0,0,association,european,belgium,belgium_1,2,150000,"200,000€ - 250,000€",4,11.91839057,,,1,0,0,1,1,0,1,1,0,0.139450902,0.267388476,,15.38031153,0.918715063,0.34657359,-1.059660102,-0.246191884,-0.603168538,-0.381242346,
14,14,aive,b,01/08/2013 16:02,umbrella,0,1,12,10,0,0,0,,1,1,association,european,portugal,portugal_1,14,9999,"2,000,000 € - 2,249,999 €",2,9.210240367,,,1,0,0,1,1,0,1,1,0,0.181286172,0.133694238,,4,-7.32932907,0.215761554,-1.533581398,-0.446593187,-0.603168538,-0.381242346,
15,15,alstom,a,20/06/2013 00:36,Companies & groups,1,2,9,11,25,1,1,,1,1,firm,global,france,france_0,6,449999.5,"10,000 € - 24,999 €",6,13.01700175,210000000,19.16261809,5,810.7051538,6.697904429,0.2,5,1.609437912,5,4,1.386294361,0,0,1.111170306,-7.252111017,1,2.011227196,0.698745081,2.304022614,810.1019853,-1.181242346,
16,16,amcham,a,02/07/2013 22:06,umbrella,0,1,13,12,27,0,0,,1,2,chamber,european,usa,usa_1,19,1124500,"< 9,999 €",6,13.93284905,,,4,159.8350101,5.074142096,0.25,4,1.386294361,5,9.32,2.232162629,0.557803607,1.069553903,,8.522580801,2.777355909,0,NA,-0.777135374,159.2318416,-1.131242346,
17,17,anigas,a,02/07/2013 11:42,umbrella,0,1,11,9,23,0,0,,0,0,association,european,italy,italy_1,10,74999.5,"10,000 € - 24,999 €",4,11.22523673,,,7,232.5845381,5.449253764,0.179519558,5.857142857,1.767661918,1,22.04347826,3.093016788,0.83670541,1.604330855,,-6.538675385,2.777355909,0.306495374,-1.182552617,-0.307590873,231.9813696,-1.201722788,
18,18,aop,b,01/08/2013 16:28,umbrella,0,1,12,10,55,0,0,,1,1,association,european,spain,spain_1,15,150000,"< 9,999 €",4,11.91839057,,,2,8.792400627,2.173887783,0.5,2,0.693147181,2,3,1.098612289,0.278901803,0.534776952,,3.219615835,9.781659784,0,NA,-0.777135374,8.189232089,-0.881242346,
19,19,apere,a,02/07/2013 12:53,umbrella,0,1,11,9,100,0,0,,0,0,association,global,belgium,belgium_1,2,650000,"650,000 €",6,13.38472764,,,2,263.1911207,5.572880463,0.5,2,0.693147181,1,2.714285714,0.99852883,0.720240921,-0.89129492,,2.543668637,-6.45305851,0,NA,-0.777135374,262.5879522,-0.881242346,
20,20,apetro,b,02/07/2013 13:34,umbrella,0,1,12,10,40,0,0,,1,1,association,european,portugal,portugal_1,14,37499.5,"50,000 € - 99,999 €",3,10.53208288,,,4,124.4446658,4.823861166,0.344726563,3.5,1.252762968,2,4.555555556,1.516347489,0.418352705,0.802165428,,5.398928712,1,0,NA,-0.777135374,123.8414973,-1.036515783,
21,21,appa,a,02/07/2013 09:25,umbrella,0,1,14,6,35,0,0,,1,1,association,european,spain,spain_1,15,1000000,1000000,4,13.81551056,75000000,18.13299867,9,460.1181253,6.131483251,0.124707032,8.333333333,2.120263536,8,35.36666667,3.565769757,0.418352705,0.802165428,,-8.852746977,-6.640344302,0,NA,-0.777135374,459.5149568,-1.256535314,
22,22,apren,a,02/07/2013 15:37,umbrella,0,1,15,13,100,0,0,,1,2,association,european,portugal,portugal_1,14,125710,"125,710 €",4,11.74173295,,,4,111.3564475,4.712736295,0.25,4,1.386294361,7,16.70731707,2.815846771,0,0,,5.668342193,-1.10607151,0.431523109,-0.840434215,-0.116050998,110.753279,-1.131242346,
23,23,assoelettrica,a,02/07/2013 20:43,umbrella,0,1,15,13,25,0,0,,0,0,association,european,italy,italy_1,10,,"400,000 € - 499,999 €",0,,418900000,19.85314279,5,110.3398092,4.703564779,0.2,5,1.609437912,4,6.793103448,1.915907899,0.697254508,1.336942379,,-7.820564582,1.943701889,0,NA,-0.777135374,109.7366407,-1.181242346,
24,24,austrian biomass association,b,21/06/2013 15:25,umbrella,0,1,7,7,100,0,0,,1,1,association,european,austria,austria_1,1,225000,"50,000 € - 99,999 €",5,12.32385568,,,1,0,0,1,1,0,4,1,0,0,0,,4.409840221,-7.32932907,1.747263157,0.558050653,1.899635229,-0.603168538,-0.381242346,
25,25,basf,b,01/08/2013 16:42,Companies & groups,1,2,16,14,15,1,5,,1,1,firm,global,germany,greece_,7,3100000,"72,500 €",8,14.94691267,77000000,18.15931598,12,1624.866126,7.393180707,0.100925463,11,2.397895273,4,32.96428571,3.495424724,0,0,-1.537737828,4.267467908,-1.691798114,0,0,-0.777135374,1624.262957,-1.280316883,
26,26,bee,a,18/06/2013 17:08,umbrella,0,1,14,6,100,0,0,,0,0,association,european,germany,germany_1,7,17499.5,"100,000 € - 199,999 €",2,9.769927588,,,1,0,0,1,1,0,5,0,NA,0.139450902,0.267388476,,2,0.831313832,0,NA,-0.777135374,-0.603168538,-0.381242346,
27,27,bellona,a,02/07/2013 21:28,ngo & think tank,1,3,9,11,50,1,1,,1,2,ngo,european,norway,norway_0,12,549999.5,"1,750,000 € - 1,999,999 €",6,13.21767265,,,3,316.5529008,5.757490371,0.333333333,3,1.098612289,7,6.857142857,1.925290862,0,0,0.786056844,-11.06199069,-2.98426019,0,0,-0.777135374,315.9497323,-1.047909013,
28,28,birdlife,a,02/07/2013 16:23,ngo & think tank,1,3,17,15,0,0,0,,1,1,ngo,global,netherlands,netherlands_0,11,1374999.5,"400,000 € - 499,999 €",7,14.13396393,,,1,0,0,1,1,0,9,1,0,0,0,1,1.420369299,4.422316763,0,NA,-0.777135374,-0.603168538,-0.381242346,
29,29,bkk,a,07/02/2013 07:28,Companies & groups,1,2,8,8,100,0,0,,0,0,firm,european,norway,norway_0,12,17499.5,"4,500,000 € - 4,749,000 €",2,9.769927588,,,1,0,0,1,1,0,3,1,0,0,0,0.85465003,-7.272338284,2.777355909,0.726617526,-0.319355039,0.336027475,-0.603168538,-0.381242346,
30,30,bord gais eireann,a,02/07/2013 19:19,Companies & groups,1,2,10,9,100,1,1,,1,2,public,national,ireland,ireland_0,9,150000,"200,000 € - 299,999 €",4,11.91839057,506000000,20.04204723,1,0,0,1,1,0,5,1,0,0,0,1.351884193,2.340870751,3.392161808,0.997143197,-0.002860891,0.750467143,-0.603168538,-0.381242346,
31,31,borealis,b,01/07/2013 12:14,Companies & groups,1,2,18,16,27,1,1,,1,2,firm,global,austria,austria_0,1,649999.5,"300,000 € - 399,999 €",6,13.38472687,141000000,18.76427045,5,64.84592126,4.172014014,0.247817693,3.8,1.335001067,6,5.695652174,1.739703107,0,0,4.804454211,3.829750838,1,0.701048553,-0.355178132,0.296856343,64.24275272,-1.133424653,
32,32,bp,b,02/07/2013 18:25,Companies & groups,1,2,18,16,17,1,4,,1,2,public limited company,global,uk,uk_0,18,2624500,"25,000 € - 49,999 €",7,14.78040096,358678000,19.69793561,9,775.2725491,6.653214644,0.114493344,8.777777778,2.172223275,6,29,3.36729583,0,0,-1.04563337,-12.91634293,7.062719868,0,0,-0.777135374,774.6693806,-1.266749002,
33,33,bundesverband der glasindustrie,b,01/07/2013 12:30,umbrella,0,1,19,17,100,0,0,,1,3,association,european,germany,germany_1,7,50000,"1,000,000 € - 1,249,999 €",3,10.81977828,,,1,0,0,1,1,0,6,1,0,0.139450902,0.267388476,,4,0.34883266,0,NA,-0.777135374,-0.603168538,-0.381242346,
34,34,business europe,b,18/06/2013 17:20,umbrella,0,1,16,14,100,0,0,,1,1,association,european,belgium,belgium_1,2,4124999.5,"400,000 € - 499,999 €",8,15.23257646,,,4,778.2071392,6.656992734,0.25,4,1.386294361,4,1,0,0.683309418,0.66847119,,28.45068632,-1.661146597,0,NA,-0.777135374,777.6039707,-1.131242346,
35,35,can,a,05/08/2013 09:51,ngo & think tank,1,3,9,11,38,1,1,,1,1,ngo,global,belgium,belgium_0,2,2255005,"400,000 € - 499,999 €",7,14.62866275,,,11,1594.396682,7.374250688,0.129493496,9.909090909,2.293452609,6,15.86666667,2.764220473,1.157442484,2.005413569,0.399325499,0.840738597,-0.505873156,0.960895269,-0.039889857,0.694936076,1593.793513,-1.25174885,
36,36,ccsa,b,02/07/2013 19:45,umbrella,0,1,19,17,33,0,0,,1,2,association,european,uk,uk_1,18,349999.5,"1,750,000 € - 1,999,999 €",5,12.765687,,,4,57.06153609,4.044130266,0.25,4,1.386294361,4,3.476190476,1.245937003,0.557803607,1.069553903,,-9.480124941,1,1.386294361,0.32663426,1.346638585,56.45836755,-1.131242346,
37,37,cecodhas,b,02/07/2013 16:28,umbrella,0,1,5,5,100,0,0,,0,0,association,european,belgium,belgium_1,2,749999.5,"600,000 € - 699,999 €",6,13.52782782,787306,13.57637227,2,384,5.950642553,0.5,2,0.693147181,2,1,0,0.139450902,0.267388476,,-4.478248916,2.777355909,0.635919441,-0.452683389,0.197079906,383.3968315,-0.881242346,
38,38,cefic,b,27/06/2013 16:13,umbrella,0,1,16,14,16,0,0,,1,2,association,global,belgium,belgium_1,2,1874999.5,"100,000 € - 199,999 €",7,14.44411895,,,18,2505.559419,7.82626731,0.097164838,15.66666667,2.751535313,8,31.33962264,3.444883196,4.339876304,2.139107807,,-2.280186808,0.536266194,0,NA,-0.777135374,2504.95625,-1.284077508,
39,39,ceoe,b,28/06/2013 15:12,umbrella,0,1,12,10,0,0,0,,1,1,association,global,spain,spain_1,15,1874999,"€ 1,750,000 - € 1,999,999",5,14.44411868,,,1,0,0,1,1,0,1,1,0,0,0,,15.22534316,2.3505554,0,NA,-0.777135374,-0.603168538,-0.381242346,
40,40,cepi,b,28/06/2013 15:33,umbrella,0,1,16,14,0,0,0,,1,1,association,european,belgium,belgium_1,2,549999.5,<9999,6,13.21767265,,,1,0,0,1,1,0,4,0,NA,0.139450902,0.267388476,,2,-4.684163097,0.732408192,-0.311417281,0.344898654,-0.603168538,-0.381242346,
41,41,cewep,b,27/06/2013 17:44,umbrella,0,1,10,6,100,0,0,,0,0,association,european,belgium,belgium_1,2,549999.5,"500,000 € - 599,999 €",6,13.21767265,,,2,35.07292121,3.557429357,0.5,2,0.693147181,1,5.875,1.77070606,0.139450902,0.267388476,,-3.137644676,1,1.424071895,0.3535203,1.404512977,34.46975267,-0.881242346,
42,42,change partnership,a,05/08/2013 14:48,ngo & think tank,1,3,9,11,0,0,0,,1,1,ngo,global,belgium,belgium_0,2,3000,"1,000,000 € - 1,249,999 €",1,8.006367568,,,2,0,0,0.657520661,1,0,6,3.923076923,1.366876275,0.626134548,-0.467929833,1,6.577952031,-6.715574054,0.321887582,-1.133552919,-0.284010332,-0.603168538,-0.723721685,
43,43,cip,b,02/07/2013 17:21,umbrella,0,1,20,18,50,0,0,,0,0,association,european,portugal,portugal_1,14,120000,"600,000 € - 699,999 €",4,11.69524702,,,3,794.8170256,6.678111932,0.333333333,3,1.098612289,1,9.421052632,2.242946827,0.278901803,0.534776952,,1.804239127,-3.926120809,2.662598128,0.979302386,3.301909255,794.2138571,-1.047909013,
44,44,client earth,a,05/08/2013 14:49,ngo & think tank,1,3,21,6,100,0,0,,1,1,ngo,global,uk,uk_0,18,449999.5,"300,000 € - 399,999 €",6,13.01700175,,,1,0,0,1,1,0,11,1,0,0,0,0.410823343,7.300034177,-2.060637497,0,NA,-0.777135374,-0.603168538,-0.381242346,
45,45,climate alliance,a,02/07/2013 18:29,ngo & think tank,1,3,6,6,100,0,0,,1,1,ngo,european,uk,uk_0,18,150000,"50,000 € - 99,999 €",4,11.91839057,,,1,0,0,1,1,0,4,1,0,0,0,0.410823343,7.300034177,2.777355909,0.643775165,-0.440405737,0.209114711,-0.603168538,-0.381242346,
46,46,climate kic,a,02/07/2013 18:01,umbrella,0,1,5,5,14,0,0,,0,0,association,european,uk,uk_1,18,150000,"300,000 € - 399,999 €",4,11.91839057,,,9,2182.58393,7.688264743,0.129500982,8.333333333,2.120263536,2,23.97777778,3.177127476,1.115607213,2.139107807,,-0.255271498,3.392161808,0,NA,-0.777135374,2181.980761,-1.251741364,
47,47,climate strategies,b,05/08/2013 14:56,ngo & think tank,1,3,5,5,100,0,0,,1,1,ngo,global,uk,uk_0,18,75000,"2,000,000 € - 2,249,999 €",3,11.22524339,,,1,0,0,1,1,0,2,1,0,0,0,0.14255664,0.872364251,1,0.34657359,-1.059660102,-0.246191884,-0.603168538,-0.381242346,
48,48,coalition energy savings,b,01/07/2013 18:26,umbrella,0,1,5,5,10,0,0,,0,0,association,european,belgium,belgium_1,2,150000,"1,250,000 € - 1,499,999 €",4,11.91839057,,,19,4015.684183,8.297963019,0.075227111,17.94736842,2.887443498,3,23.52941176,3.158251203,5.454587726,2.673884759,,12.60006835,-0.073246749,0.34657359,-1.059660102,-0.246191884,4015.081014,-1.306015235,
49,49,cogen,b,17/06/2013 17:07,umbrella,0,1,5,5,13,0,0,,0,0,association,european,belgium,belgium_1,2,449999.5,"100,000 € - 199,999 €",6,13.01700175,,,13,2383.410829,7.776287862,0.082415463,12.69230769,2.540996116,2,38.64516129,3.654421574,1.645520639,1.871719331,,-5.44227407,-4.603280803,1.817189256,0.597290942,2.00676055,2382.80766,-1.298826883,
50,50,confederation finnish industries,b,02/07/2013 10:53,umbrella,0,1,22,19,0,0,0,,1,2,association,global,finland,finland_1,5,449999.5,"800,000 € - 899,999 €",6,13.01700175,,,1,0,0,1,1,0,10,1,0,0.223121443,0,,7.428097362,1,2.273965716,0.821525319,2.70653253,-0.603168538,-0.381242346,
51,51,confindustria,b,28/06/2013 18:31,umbrella,0,1,23,20,0,0,0,,0,0,association,european,italy,italy_1,10,618172,"618,172 €",2,13.33452201,,,1,0,0,1,1,0,2,1,0,0,0,,15.22534316,1,0.693147181,-0.36651292,0.284751607,-0.603168538,-0.381242346,
52,52,czech chamber commerce,b,02/07/2013 13:46,umbrella,0,1,16,14,0,0,0,,1,1,chamber,european,czech republic,czech republic_1,3,110000,,4,11.60823564,,,1,0,0,1,1,0,3,0,NA,0,0,,2,1,1.515780212,0.415930298,1.5450082,-0.603168538,-0.381242346,
53,53,deneff,b,02/07/2013 10:04,umbrella,0,1,5,5,22,0,0,,0,0,association,european,germany,germany_1,7,9999,"1,250,000 € - 1,499,999 €",2,9.210240367,,,7,1015.282365,6.922922045,0.167888591,6.142857143,1.815289967,3,25.375,3.233764437,1.310838475,0.802165428,,0.972348019,3.392161808,0,NA,-0.777135374,1014.679196,-1.213353755,
54,54,dlr,a,02/07/2013 16:34,ngo & think tank,1,3,15,13,100,0,0,,0,0,firm,global,germany,germany_0,7,50000,50000,6,10.81977828,,,1,0,0,1,1,0,2,1,0,0,0,1.025036904,-1.101662776,9.781659784,0,NA,-0.777135374,-0.603168538,-0.381242346,
55,55,dnr,a,02/07/2013 20:02,ngo & think tank,1,3,9,5,0,0,0,,0,0,ngo,global,germany,germany_0,7,249999.5,"100,000 € - 199,999 €",5,12.4292142,,,2,24.61845489,3.20349636,0.5,2,0.693147181,4,1,0,0.278901803,0.534776952,1,-11.65585416,3.123686281,0.34657359,-1.059660102,-0.246191884,24.01528635,-0.881242346,
56,56,dong,b,02/07/2013 13:42,Companies & groups,1,2,24,21,100,1,1,,1,1,firm,global,denmark,denmark_0,4,649999.5,"4,000,000 € - 4,249,999 €",6,13.38472687,2381000000,21.5907864,1,0,0,1,1,0,4,1,0,0,0,0.642061955,2.852223949,1,0,0,-0.777135374,-0.603168538,-0.381242346,
57,57,dow,b,02/08/2013 14:16,Companies & groups,1,2,23,20,17,1,5,,1,1,firm,global,switzerland,switzerland_0,17,2750000,10000,7,14.82711147,58000000000,24.78370885,9,751.9160711,6.62262471,0.137341287,7.888888889,2.0654553,5,23.71111111,3.165943761,0,0,0.627651511,-2.46101392,0.758555194,0,0,-0.777135374,751.3129026,-1.243901059,
58,58,e3g,b,02/07/2013 17:38,ngo & think tank,1,3,25,22,33,1,2,,1,1,ngo,global,uk,uk_0,18,949999.5,"200,000 € - 299,999 €",6,13.76421674,,,5,1050.729293,6.957239767,0.292332035,3.8,1.335001067,4,21.83333333,3.083437854,0,0,1.298190701,10.31516546,2.183232179,1.287792159,0.252929247,1.195735272,1050.126124,-1.088910311,
59,59,eai,b,02/07/2013 18:35,umbrella,0,1,21,11,36,0,0,,0,0,association,european,ireland,ireland_1,9,120000,"120,000 €",4,11.69524702,,,4,425.8724924,6.054139988,0.25,4,1.386294361,4,5.307692308,1.669157147,0.418352705,0.802165428,,2.681741501,3.392161808,1.517164401,0.416843067,1.547128749,425.2693239,-1.131242346,
60,60,ease,a,28/06/2013 18:23,umbrella,0,1,15,13,22,0,0,,0,0,association,european,belgium,belgium_1,2,250000,"200,000 € - 299,999 €",5,12.4292162,,,7,400.8293714,5.993535829,0.142857143,7,1.945910149,3,22.83673469,3.12837041,0.83670541,1.604330855,,0.403096161,1,0,NA,-0.777135374,400.2262029,-1.238385203,
61,61,eba,a,26/06/2013 09:59,umbrella,0,1,5,5,0,0,0,,1,1,association,european,belgium,belgium_1,2,2255005,2255005,4,14.62866275,,,3,109.298553,4.694083156,0.543531816,1.666666667,0.510825624,5,6.714285714,1.904237453,1.053489232,-1.387873518,,-3.290856557,1,0,NA,-0.777135374,108.6953845,-0.83771053,
62,62,ebc,b,02/08/2013 14:17,umbrella,0,1,5,5,0,0,0,,0,0,association,european,belgium,belgium_1,2,115403,"115,403 €",5,11.65618563,,,1,0,0,1,1,0,1,1,0,0.139450902,0.267388476,,15.38031153,-0.464096993,0.733032585,-0.310565124,0.345855211,-0.603168538,-0.381242346,
63,63,ebtp,a,02/07/2013 16:59,umbrella,0,1,10,6,34,0,0,,0,0,association,european,belgium,belgium_1,2,,"1,250,000 € - 1,499,999 €",0,,,,3,188.7767593,5.240565149,0.333333333,3,1.098612289,3,7,1.945910149,0.418352705,0.802165428,,1.983916551,-2.937699548,0.993858253,-0.006160685,0.745434678,188.1735908,-1.047909013,
64,64,eceee,a,04/07/2013 09:51,ngo & think tank,1,3,14,6,38,0,0,,0,0,association,european,sweden,sweden_0,16,74999.5,"900,000 € - 999,999 €",4,11.22523673,,,6,1301.429598,7.17121863,0.244774567,5,1.609437912,3,24.72727273,3.207906794,1.921714317,2.139107807,0.399325499,-9.001081618,1,0,NA,-0.777135374,1300.826429,-1.136467779,
65,65,ecohz,b,28/06/2013 13:18,Companies & groups,1,2,10,6,52,0,0,,0,0,firm,global,norway,norway_0,12,708804,"708,804 €",2,13.47133432,155000000,18.85893567,2,12.62541985,2.53571223,0.5,2,0.693147181,1,4.826086957,1.574035985,0,0,1.90201491,-10.5939649,0.621188959,0,NA,-0.777135374,12.02225131,-0.881242346,
66,66,edf,b,02/07/2013 16:23,Companies & groups,1,2,3,3,11,1,7,,1,1,firm,global,france,france_0,6,2124999.5,"300,000 € - 399,999 €",7,14.56928213,3773000,15.143381,20,3427.000915,8.139440789,0.054701532,19.5,2.970414466,4,47.62162162,3.863286894,0,0,0.449357871,-6.057902123,0.017721116,0.693147181,-0.36651292,0.284751607,3426.397746,-1.326540814,
67,67,edison,b,02/07/2013 16:05,Companies & groups,1,2,18,16,30,1,1,,1,1,firm,global,italy,italy_0,10,349999.5,,5,12.765687,1030000000,20.75282464,5,238.7983769,5.475619585,0.220644898,4.6,1.526056303,2,8.615384615,2.153549514,0,0,1.253587006,-6.20859148,3.999585264,1.833008588,0.605958654,2.030995435,238.1952084,-1.160597448,
68,68,edora,a,02/07/2013 16:20,umbrella,0,1,6,6,15,0,0,,1,1,association,european,belgium,belgium_1,2,17499.5,"2,750,000 € - 2,999,999 €",2,9.769927588,150000,11.91839057,14,2133.821838,7.665669941,0.094852039,12.28571429,2.508437148,5,52.62962963,3.963279262,1.471130391,2.852143743,,0.395133656,2.925052882,0.661563238,-0.413149702,0.236365667,2133.218669,-1.286390307,
69,69,edp,a,28/06/2013 14:21,Companies & groups,1,2,26,23,15,1,4,,1,2,firm,global,portugal,portugal_0,14,150000,"300,000 € - 399,999 €",4,11.91839057,150000000,18.82614585,8,716.462159,6.574325432,0.13443959,7.5,2.014903021,7,20.09090909,3.000267429,0,0,0.437470937,-7.626380569,4.072560907,0,0,-0.777135374,715.8589905,-1.246802756,
70,70,edso,b,02/07/2013 18:37,umbrella,0,1,10,6,23,0,0,,0,0,association,european,belgium,belgium_1,2,74999.5,"2,500,000 € - 2,749,000 €",4,11.22523673,,,5,147.0837554,4.991002189,0.2,5,1.609437912,1,7.833333333,2.058388132,0.697254508,1.336942379,,2.98728822,-6.870251033,0,NA,-0.777135374,146.4805869,-1.181242346,
71,71,eeb,b,01/07/2013 22:38,ngo & think tank,1,3,2,2,100,0,0,,0,0,association,global,belgium,belgium_0,2,3874999.5,"700,000 € - 799,999 €",8,15.17005609,,,1,0,0,1,1,0,4,1,0,0,0,0.410823343,7.300034177,3.451193207,2.465707726,0.902478876,3.000277278,-0.603168538,-0.381242346,
72,72,eex,a,02/07/2013 11:12,Companies & groups,1,2,10,9,100,0,0,,0,0,firm,global,germany,germany_0,7,149999.5,"200,000 € - 299,999 €",4,11.91838724,1000000,13.81551056,1,0,0,1,1,0,2,1,0,0,0,0.663929854,6.380311532,-2.19592959,0.34657359,-1.059660102,-0.246191884,-0.603168538,-0.381242346,
73,73,efet,b,02/07/2013 17:57,umbrella,0,1,27,17,10,0,0,,1,3,association,european,netherlands,netherlands_1,11,10500000,10500000,6,16.16688582,,,19,2755.964866,7.921522884,0.052631579,19,2.944438979,8,27.2962963,3.306751026,2.649567131,5.080381042,,-3.276580574,-2.060637497,0,NA,-0.777135374,2755.361697,-1.328610767,
74,74,efiees,a,11/07/2013 10:28,umbrella,0,1,6,15,0,0,0,,0,0,association,european,belgium,belgium_1,2,3300000,3300000,5,15.00943303,,,2,146.8635072,4.989503633,0.5,2,0.693147181,6,9.56,2.257587727,0,0,,2.44134749,1.157719561,1.912352274,0.648334041,2.152548302,146.2603387,-0.881242346,
75,75,egec,a,01/07/2013 15:44,umbrella,0,1,6,15,56,0,0,,1,1,association,european,belgium,belgium_1,2,250000,"600,000 € - 699,999 €",5,12.4292162,,,5,228.2375229,5.430386854,0.2,5,1.609437912,8,14.94444444,2.704339621,0.543858516,0.401082714,,-11.57367991,-1.352653372,0,NA,-0.777135374,227.6343544,-1.181242346,
76,76,ehi,b,02/07/2013 15:38,umbrella,0,1,24,21,0,0,0,,1,1,association,european,belgium,belgium_1,2,250000,"500,000 € - 599,999 €",5,12.4292162,,,2,146.8635072,4.989503633,0.5,2,0.693147181,4,9.56,2.257587727,0,0,,2.44134749,-2.248466493,0.366204096,-1.004564462,-0.21611836,146.2603387,-0.881242346,
77,77,ehpa,b,20/06/2013 17:07,umbrella,0,1,24,15,52,0,0,,1,1,association,european,belgium,belgium_1,2,349999.5,"500,000 € - 599,999 €",5,12.765687,,,4,243.9770874,5.497074317,0.25,4,1.386294361,10,10.07142857,2.309702561,0.551673897,0.713035936,,-5.722708001,-1.742852051,0,NA,-0.777135374,243.3739189,-1.131242346,
78,78,emiri,b,01/07/2013 11:15,umbrella,0,1,10,6,52,0,0,,0,0,association,european,belgium,belgium_1,2,17499.5,,2,9.769927588,,,2,7.815074811,2.056054537,0.5,2,0.693147181,1,3.615384615,1.285198244,0.278901803,0.534776952,,-9.171873886,2.777355909,1.198292909,0.180897968,1.058624294,7.211906273,-0.881242346,
79,79,enagas,b,02/07/2013 18:35,Companies & groups,1,2,28,24,0,0,0,,1,3,firm,global,spain,spain_0,15,10500000,10500000,4,16.16688582,403000000,19.81444712,1,0,0,1,1,0,6,1,0,0,0,1,0.813359424,1.17441633,0.963457253,-0.037227158,0.698860982,-0.603168538,-0.381242346,
80,80,enbw,b,07/02/2013 07:28,Companies & groups,1,2,29,25,52,0,0,,1,1,firm,european,germany,germany_0,7,10500000,10500000,6,16.16688582,2167000,14.58885428,2,18.16180004,2.899320489,0.5,2,0.693147181,1,3.380952381,1.218157439,0,0,1.876187317,5.495914083,-0.809046678,0.366204096,-1.004564462,-0.21611836,17.5586315,-0.881242346,
81,81,enea,b,07/02/2013 07:28,Companies & groups,1,2,30,26,16,1,2,,1,1,firm,national,poland,poland_0,13,17499.5,"100,000 € - 199,999 €",2,9.769927588,12000000,16.30041721,7,1525.891596,7.330334171,0.142857143,7,1.945910149,5,21.0952381,3.049047333,0,0,-2.726539933,11.90643496,1.462483269,0,0,-0.777135374,1525.288427,-1.238385203,
82,82,eneco,a,02/07/2013 18:15,Companies & groups,1,2,9,5,28,0,0,,0,0,association,european,netherlands,netherlands_0,11,9999,"500,000 € - 599,999 €",2,9.210240367,1000000,13.81551056,4,62.72666865,4.138786695,0.26730409,3.5,1.252762968,5,13.48484848,2.60156672,0,0,-0.407512211,1.220107544,-10.71313048,0,NA,-0.777135374,62.12350011,-1.113938256,
83,83,enel,b,02/07/2013 17:30,Companies & groups,1,2,12,10,15,1,5,,1,1,firm,global,italy,italy_0,10,2124999.5,"400,000 € - 499,999 €",7,14.56928213,100749,11.52038755,10,483.0490375,6.180118175,0.1,10,2.302585093,2,24.57692308,3.201807916,0,0,-1.804490008,-5.908303569,2.7402605,0,0,-0.777135374,482.445869,-1.281242346,
84,84,enercon,a,28/06/2013 21:16,Companies & groups,1,2,6,5,0,0,0,,0,0,firm,global,germany,germany_0,7,17000,"500,000 € - 599,999 €",2,9.740968623,490000,13.10216067,1,0,0,1,1,0,5,1,0,0,0,1,9.113731198,-0.710313733,1.039720771,0.038952188,0.815695096,-0.603168538,-0.381242346,
85,85,energy cities,a,01/08/2013 15:24,ngo & think tank,1,3,6,15,50,0,0,,1,1,ngo,european,france,france_0,6,37499.5,"50,000 € - 99,999 €",3,10.53208288,,,2,146.8635072,4.989503633,0.5,2,0.693147181,8,9.56,2.257587727,0,0,0.410823343,2.44134749,-1.765904156,0.693147181,-0.36651292,0.284751607,146.2603387,-0.881242346,
86,86,energy partnership,a,03/07/2013 10:08,umbrella,0,1,10,9,23,0,0,,1,2,association,european,belgium,belgium_1,2,,"500,000 € - 599,999 €",0,,,,5,471.1076487,6.155086621,0.2,5,1.609437912,6,6.217391304,1.827350414,0.697254508,1.336942379,,3.704447898,-1.476561727,0,NA,-0.777135374,470.5044802,-1.181242346,
87,87,energy uk,b,02/08/2013 14:36,umbrella,0,1,19,11,21,0,0,,1,2,association,national,uk,uk_1,18,140000,"3,000 €",4,11.8493977,,,8,777.805558,6.656476567,0.12961046,7.75,2.047692843,8,23.68085106,3.164666749,0.83670541,1.604330855,,6.408335872,-11.883128,0.732408192,-0.311417281,0.344898654,777.2023895,-1.251631886,
88,88,eni,b,02/07/2013 15:50,Companies & groups,1,2,3,3,13,1,8,,1,3,firm,global,italy,italy_0,10,1374999.5,"100,000 € - 199,999 €",7,14.13396393,147483000,18.80922347,12,1085.681845,6.989963497,0.09193056,11.5,2.442347035,6,37.38095238,3.62116128,0,0,0.538986374,13.48221462,1,0,0,-0.777135374,1085.078676,-1.289311786,
89,89,eon,b,14/06/2013 06:21,Companies & groups,1,2,2,2,13,1,3,,1,1,firm,global,germany,germany_0,7,950000,"50,000 €",6,13.76421726,148000,11.90496755,12,1404.829558,7.247671263,0.089925783,11.66666667,2.456735773,8,38.74603175,3.657028344,0,0,0.924245122,5.994356033,-0.394467386,0,0,-0.777135374,1404.226389,-1.291316563,
90,90,epee,a,27/06/2013 18:18,umbrella,0,1,14,6,100,0,0,,0,0,association,european,belgium,belgium_1,2,250000,"900,000 € - 999,999 €",5,12.4292162,,,2,14.6,2.681021529,0.5,2,0.693147181,3,4.2,1.435084525,0.444403972,0.178258984,,-3.166054587,,0,NA,-0.777135374,13.99683146,-0.881242346,
91,91,epia,a,25/06/2013 18:05,umbrella,0,1,1,1,11,0,0,,0,0,association,european,belgium,belgium_1,2,275072,"275,072 €",5,12.52478816,,,19,2417.586391,7.790524962,0.058907784,18.36842105,2.910632943,6,38.66153846,3.654845268,3.076961158,2.985837981,,-6.643253227,,0,NA,-0.777135374,2416.983222,-1.322334562,
92,92,eppsa,b,02/07/2013 18:03,umbrella,0,1,25,22,0,0,0,,1,1,association,european,belgium,belgium_1,2,,"100,000€ - 199,999€",4,,,,7,620.2254068,6.430082971,0.174229182,6.428571429,1.860752341,5,18.6969697,2.928361463,3.30040441,-1.180965768,,-12.18422177,,0,NA,-0.777135374,619.6222383,-1.207013164,
93,93,epure,b,02/07/2013 15:14,umbrella,0,1,24,21,100,0,0,,0,0,association,european,belgium,belgium_1,2,125000,"400,000 € - 499,999 €",4,11.73606902,,,1,0,0,1,1,0,1,1,0,0.139450902,0.267388476,,1.239937731,,0.693147181,-0.36651292,0.284751607,-0.603168538,-0.381242346,
94,94,erea,a,02/07/2013 16:10,umbrella,0,1,1,1,100,0,0,,1,1,association,national,estonia,estonia_1,5,20000,"100,000 € - 199,999 €",2,9.903487553,147000,11.89818787,2,0,0,0.584726563,1,0,8,10.41666667,2.343407088,0.992813798,-0.289670849,,5.130882232,,0.921034037,-0.082258287,0.633869502,-0.603168538,-0.796515783,
95,95,erec,a,26/06/2013 16:58,umbrella,0,1,1,1,0,0,0,,0,0,association,european,belgium,belgium_1,2,,"50,000€ - 99,999€",2,,,,6,359.2833649,5.884111394,0.166666667,6,1.791759469,9,16.70731707,2.815846771,4.272866883,-1.898776498,,-2.730454805,,0.693147181,-0.36651292,0.284751607,358.6801964,-1.214575679,
96,96,eref,a,20/06/2013 14:21,umbrella,0,1,1,1,0,0,0,,1,1,association,global,belgium,belgium_1,2,125000,"200,000 € - 299,999 €",4,11.73606902,,,9,787.1134806,6.668372432,0.15031774,8.555555556,2.146580845,9,7.7,2.041220329,1.719597108,0.471113029,,-5.554278994,,1.48931611,0.398317028,1.504465749,786.5103121,-1.230924606,
97,97,esb,b,04/07/2013 18:04,Companies & groups,1,2,2,2,22,1,4,,0,0,consultant,global,uk,uk_0,18,9999,"25,000 € - 49,999 €",2,9.210240367,12000000,16.30041721,6,367.586538,5.906958768,0.166666667,6,1.791759469,4,16.95121951,2.830339779,0,0,-0.991497287,-0.189679269,,0.643775165,-0.440405737,0.209114711,366.9833695,-1.214575679,
98,98,essenscia,b,01/07/2013 15:10,umbrella,0,1,16,14,18,0,0,,1,1,association,global,belgium,belgium_1,2,549999.5,"100,000 € - 199,999 €",6,13.21767265,,,13,1498.314265,7.312095932,0.117752367,10.84615385,2.383810533,4,29.19607843,3.3740344,1.255058115,2.406496283,,-5.57424851,,1.558667644,0.443831382,1.610710849,1497.711096,-1.263489979,
99,99,estela,a,14/06/2013 16:12,umbrella,0,1,1,1,14,0,0,,0,0,association,global,belgium,belgium_1,2,349999.5,"3,750,000 € - 3,999,999 €",5,12.765687,,,9,1159.885849,7.056076873,0.111111111,9,2.197224577,9,17.93023256,2.886488258,1.255058115,2.406496283,,-4.203325553,,0,NA,-0.777135374,1159.28268,-1.270131235,
100,100,estif,a,02/07/2013 17:48,umbrella,0,1,6,6,0,0,0,,0,0,association,european,belgium,belgium_1,2,50000,"200,000 € - 299,999 €",3,10.81977828,,,2,17.6067201,2.868280653,0.5,2,0.693147181,4,3.666666667,1.299282984,0,0,,-5.223914089,,0,NA,-0.777135374,17.00355156,-0.881242346,
101,101,etrma,b,01/07/2013 20:28,umbrella,0,1,22,19,0,0,0,,1,3,association,european,belgium,belgium_1,2,300000,"300,000 €",6,12.61153775,,,1,0,0,1,1,0,8,1,0,0.515968336,-0.935859666,,-1.787124255,,0.34657359,-1.059660102,-0.246191884,-0.603168538,-0.381242346,
102,102,eu ase,a,02/07/2013 14:36,umbrella,0,1,31,27,35,0,0,,0,0,association,european,belgium,belgium_1,2,349999.5,"100,000 € - 199,999 €",5,12.765687,,,5,745.1343217,6.6135645,0.22192133,4.6,1.526056303,3,21.78947368,3.081426994,0.557803607,1.069553903,,13.24944863,,0,NA,-0.777135374,744.5311532,-1.159321016,
103,103,euclg,a,09/07/2013 11:39,umbrella,0,1,9,11,27,0,0,,1,1,association,european,uk,uk_1,18,,"50,000 € - 99,999 €",2,,,,4,140.0461597,4.94197208,0.25,4,1.386294361,8,10.875,2.386466577,0.557803607,1.069553903,,-8.265744581,,0,NA,-0.777135374,139.4429912,-1.131242346,
104,104,euracoal,b,01/07/2013 16:34,umbrella,0,1,22,19,0,0,0,,1,1,association,european,belgium,belgium_1,2,250000,"300,000 € - 399,999 €",5,12.4292162,,,1,0,0,1,1,0,7,1,0,0,0,,-5.092110885,,1.271838882,0.240463792,1.171295186,-0.603168538,-0.381242346,
105,105,eurelectric,b,01/07/2013 11:46,umbrella,0,1,29,25,100,0,0,,1,2,association,european,belgium,belgium_1,2,349999.5,"50,000 € - 99,999 €",5,12.765687,,,8,1023.968816,6.931441352,0.133448287,7.75,2.047692843,5,15.61538462,2.748256622,1.700994514,-0.89129492,,-0.201251598,,1.368922361,0.314023832,1.320025045,1023.365647,-1.247794059,
106,106,eurima,a,02/07/2013 18:44,umbrella,0,1,15,13,100,0,0,,0,0,association,european,belgium,belgium_1,2,250000,"200,000 € - 299,999 €",5,12.4292162,,,2,0,0,0.617286088,1,0,4,6,1.791759469,0,0,,2.799493368,,1.853181944,0.616904131,2.061900595,-0.603168538,-0.763956258,
107,107,euro chlor,b,05/08/2013 14:51,umbrella,0,1,16,14,38,0,0,,1,2,association,global,belgium,belgium_1,2,10500000,"700,000 € - 799,999 €",9,16.16688582,,,7,309.1494629,5.733824859,0.225741318,4.714285714,1.550597412,8,21.42857143,3.064725145,1.729317523,0.534776952,,13.89028286,,0.366204096,-1.004564462,-0.21611836,308.5462944,-1.155501028,
108,108,euroace,a,02/07/2013 12:09,umbrella,0,1,31,27,21,0,0,,0,0,association,european,belgium,belgium_1,2,74999.5,"400,000 € - 499,999 €",4,11.22523673,,,8,726.726779,6.588550587,0.193053237,6.25,1.832581464,2,26.80487805,3.288583888,4.081532695,-1.604330855,,-15.81336991,,0,NA,-0.777135374,726.1236105,-1.188189109,
109,109,euroalliages,b,02/07/2013 20:48,umbrella,0,1,26,23,100,0,0,,1,1,association,european,belgium,belgium_1,2,1124500,"700,000 € - 799,999 €",6,13.93284905,,,1,0,0,1,1,0,6,0,NA,0.139450902,0.267388476,,2,,0.360413429,-1.020503493,-0.22498954,-0.603168538,-0.381242346,
110,110,eurofer,b,02/07/2013 20:02,umbrella,0,1,29,25,0,0,0,,1,3,association,european,belgium,belgium_1,2,749999.5,"200,000 € - 299,999 €",6,13.52782782,,,2,2,0.693147181,0.5,2,0.693147181,5,0,NA,0.278901803,0.534776952,,4,,0,NA,-0.777135374,1.396831462,-0.881242346,
111,111,eurogas,a,02/07/2013 09:32,umbrella,0,1,32,28,23,0,0,,1,2,association,european,belgium,belgium_1,2,8.00E+05,"400,000 € - 499,999 €",6,13.59236701,,,10,830.2943147,6.721780234,0.126600128,9,2.197224577,7,28.39622642,3.346256264,1.757081361,0.802165428,,3.591918733,,0,NA,-0.777135374,829.6911462,-1.254642218,
112,112,eurometaux,a,02/07/2013 09:55,umbrella,0,1,11,29,100,0,0,,0,0,association,european,belgium,belgium_1,2,208000,"208,000 €",6,12.24529336,,,2,1140,7.038783541,0.5,2,0.693147181,3,2.333333333,0.84729786,0.278901803,0.534776952,,24.76062306,,0,NA,-0.777135374,1139.396831,-0.881242346,
113,113,european energy network,b,02/07/2013 16:53,umbrella,0,1,4,4,50,0,0,,1,1,association,european,uk,uk_1,18,9999,"< 9,999 €",2,9.210240367,,,2,384,5.950642553,0.5,2,0.693147181,2,1,0,0.278901803,0.534776952,,9.937623304,,0,NA,-0.777135374,383.3968315,-0.881242346,
114,114,europia,b,01/07/2013 11:31,umbrella,0,1,28,24,25,0,0,,1,2,association,global,belgium,belgium_1,2,,"500,000 € - 599,999 €",0,,,,5,117.1028867,4.763052922,0.2,5,1.609437912,8,7.48,2.012232792,0.697254508,1.336942379,,4.120114995,,0,NA,-0.777135374,116.4997182,-1.181242346,
115,115,eusalt,a,02/07/2013 16:36,umbrella,0,1,11,29,100,0,0,,0,0,association,global,belgium,belgium_1,2,9999,"50,000 € - 99,999 €",2,9.210240367,,,1,0,0,1,1,0,2,1,0,0.139450902,0.267388476,,-0.883401767,,0,NA,-0.777135374,-0.603168538,-0.381242346,
116,116,euturbines,a,27/06/2013 14:13,umbrella,0,1,26,23,100,0,0,,1,2,association,european,germany,germany_1,7,250000,"€ 200,000 - € 299,999",5,12.4292162,,,3,16.34900477,2.794167025,0.439968103,1.666666667,0.510825624,7,11.18181818,2.414289082,0.139450902,0.267388476,,-4.989945195,,0.732408192,-0.311417281,0.344898654,15.74583623,-0.941274243,
117,117,evve,a,03/07/2013 08:59,umbrella,0,1,11,9,0,0,0,,0,0,association,european,germany,germany_1,7,74999.5,"50,000 € - 99,999 €",4,11.22523673,,,1,0,0,1,1,0,1,1,0,0,0,,7.300034177,,0,NA,-0.777135374,-0.603168538,-0.381242346,
118,118,ewea,a,17/06/2013 14:02,umbrella,0,1,5,5,13,0,0,,0,0,association,national,spain,spain_1,15,1124500,"100,000 € - 199,999 €",6,13.93284905,,,20,2728.712184,7.911585049,0.064512235,18.8,2.93385687,5,45.82191781,3.824762531,3.733748144,1.499285383,,14.71453617,,0.693147181,-0.36651292,0.284751607,2728.109015,-1.316730111,
119,119,febeg,a,02/07/2013 11:57,umbrella,0,1,10,6,27,0,0,,0,0,association,national,belgium,belgium_1,2,9999,"100,000 € - 199,999 €",2,9.210240367,,,6,352.6197307,5.865390226,0.166666667,6,1.791759469,3,18.18181818,2.900422094,0.697254508,1.336942379,,9.770077558,,0,NA,-0.777135374,352.0165622,-1.214575679,
120,120,fedene,b,02/07/2013 14:29,umbrella,0,1,12,10,41,0,0,,1,1,association,national,france,france_1,6,,"200,000 € - 299,999 €",6,,,,3,14.04436027,2.642220911,0.333333333,3,1.098612289,1,6,1.791759469,0.418352705,0.802165428,,0.465686944,,0,NA,-0.777135374,13.44119173,-1.047909013,
121,121,federacciai,b,07/01/2013 09:46,umbrella,0,1,18,16,0,0,0,,1,1,association,national,italy,italy_1,10,431495,"431,495 €",4,12.9750112,,,1,0,0,1,1,0,3,1,0,0,0,,3,,0,NA,-0.777135374,-0.603168538,-0.381242346,
122,122,federation du verre,b,02/08/2013 15:16,umbrella,0,1,23,20,0,0,0,,1,3,association,national,france,france_1,6,50000,,3,10.81977828,,,1,0,0,1,1,0,5,1,0,0.139450902,0.267388476,,1.632653761,,0,NA,-0.777135374,-0.603168538,-0.381242346,
123,123,federchimica,b,01/07/2013 12:55,umbrella,0,1,23,20,0,0,0,,1,1,association,national,italy,italy_1,10,549999.5,"500,000 € - 599,999 €",6,13.21767265,,,1,0,0,1,1,0,3,1,0,0,0,,-0.140093404,,0,NA,-0.777135374,-0.603168538,-0.381242346,
124,124,fertilizers europe,b,02/07/2013 13:18,umbrella,0,1,16,14,55,0,0,,1,3,association,european,belgium,belgium_1,2,849999.5,"50,000 € - 99,999 €",6,13.65299104,,,2,11.15673587,2.412043429,0.5,2,0.693147181,9,2.166666667,0.773189888,0.278901803,0.534776952,,5.048609373,,0.326548147,-1.119177877,-0.276870444,10.55356733,-0.881242346,
125,125,feve,b,01/07/2013 14:04,umbrella,0,1,29,25,100,0,0,,1,2,association,european,belgium,belgium_1,2,549999.5,"900,000 € - 999,999 €",6,13.21767265,,,2,4,1.386294361,0.5,2,0.693147181,5,1,0,0.139450902,0.267388476,,6,,NA,NA,NA,3.396831462,-0.881242346,
126,126,ffif,a,02/08/2013 15:36,umbrella,0,1,8,8,0,0,0,,0,0,association,european,finland,finland_1,5,74999.5,"400,000 € - 499,999 €",4,11.22523673,,,1,0,0,1,1,0,4,0,NA,0,0,,2,,NA,NA,NA,-0.603168538,-0.381242346,
127,127,finnfjord,a,02/07/2013 16:02,Companies & groups,1,2,23,20,100,0,0,,1,2,firm,national,norway,norway_0,12,150000,"300,000 € - 399,999 €",4,11.91839057,97000000,18.39022154,1,0,0,1,1,0,7,0,NA,0,0,1,2,,NA,NA,NA,-0.603168538,-0.381242346,
128,128,finnish energy industries,a,02/07/2013 09:30,umbrella,0,1,31,27,51,0,0,,1,1,association,global,finland,finland_1,5,208000,"400,000 € - 499,999 €",5,12.24529336,,,3,413.5991132,6.024897179,0.333333333,3,1.098612289,6,6.5,1.871802177,0.278901803,0.534776952,,12.85619472,,NA,NA,NA,412.9959447,-1.047909013,
129,129,first solar,a,01/07/2013 14:49,Companies & groups,1,2,1,1,34,1,1,,0,0,corporation,global,usa,usa_0,19,349999.5,"200,000 € - 299,999 €",5,12.765687,3310000,15.01245875,3,85.09373294,4.443753389,0.333333333,3,1.098612289,4,6.333333333,1.84582669,0,0,3.825934141,3.791887736,,0,0,0,84.4905644,-1.047909013,
130,130,fiv,b,01/07/2013 09:33,umbrella,0,1,23,20,0,0,0,,1,1,association,national,belgium,belgium_1,2,,"10,000 € - 24,999 €",1,,,,1,0,0,1,1,0,3,1,0,0.139450902,0.267388476,,1.632653761,,NA,NA,NA,-0.603168538,-0.381242346,
131,131,fortum,a,02/08/2013 15:48,Companies & groups,1,2,11,29,13,1,1,,0,0,public,global,finland,finland_0,5,650000,,6,13.38472764,6200000000,22.54781513,10,1160.256868,7.056396698,0.113789063,9.8,2.282382386,4,26.61538462,3.281489418,0,0,-0.519205965,1.442084022,,0,0,0,1159.653699,-1.267453283,
132,132,free,a,01/08/2013 16:51,ngo & think tank,1,3,30,26,50,0,0,,1,1,ngo,european,belgium,belgium_0,2,74999.5,"600,000 € - 699,999 €",4,11.22523673,,,2,167.3453755,5.120059794,0.5,2,0.693147181,6,2.538461538,0.931558204,0.772557995,-0.401082714,0.296565165,2.571840071,,NA,NA,NA,166.742207,-0.881242346,
133,133,friends of the earth,a,01/07/2013 17:05,ngo & think tank,1,3,33,30,100,1,1,,0,0,ngo,european,belgium,belgium_0,2,140000,"140,000 €",6,11.8493977,,,3,124.8985053,4.82750145,0.366457321,2.333333333,0.84729786,12,8.76,2.170195905,0.139450902,0.267388476,0.410823343,7.13719755,,0,0,0,124.2953368,-1.014785025,
134,134,friends of the supergrid,a,02/07/2013 16:44,umbrella,0,1,10,9,100,0,0,,0,0,association,european,belgium,belgium_1,2,150000,"300,000 € - 399,999 €",4,11.91839057,,,1,0,0,1,1,0,2,1,0,0.139450902,0.267388476,,8.421104032,,NA,NA,NA,-0.603168538,-0.381242346,
135,135,garep,a,02/07/2013 12:01,umbrella,0,1,14,6,0,0,0,,1,1,association,european,greece,greece_1,8,17499.5,"200,000 € - 299,999 €",2,9.769927588,,,1,0,0,1,1,0,4,1,0,1.259575345,-0.482254215,,8.357268083,,NA,NA,NA,-0.603168538,-0.381242346,
136,136,gas natural fenosa,b,02/08/2013 15:52,Companies & groups,1,2,4,4,100,0,0,,1,2,firm,national,spain,spain_0,15,150000,"< 9,999 €",4,11.91839057,200000000,19.11382792,1,0,0,1,1,0,5,1,0,0,0,0.663929854,6.380311532,,NA,NA,NA,-0.603168538,-0.381242346,
137,137,gba,a,01/07/2013 13:10,umbrella,0,1,15,13,0,0,0,,1,1,association,european,germany,germany_1,7,37499.5,"500,000 € - 599,999 €",3,10.53208288,4155485,15.23993971,2,0,0,0.75308642,1,0,6,2.333333333,0.84729786,1.110827705,0.993157196,,-3.422567776,,NA,NA,NA,-0.603168538,-0.628155926,
138,138,gbe,a,01/07/2013 22:15,ngo & think tank,1,3,14,6,0,0,0,,1,1,ngo,european,germany,germany_0,7,74999.5,"10,000 € - 24,999 €",4,11.22523673,,,1,0,0,1,1,0,6,1,0,0.139450902,0.267388476,1,-6.584569954,,NA,NA,NA,-0.603168538,-0.381242346,
139,139,gdf-suez,b,20/06/2013 08:07,Companies & groups,1,2,27,17,8,1,10,,1,3,firm,global,france,france_0,6,2124999.5,,7,14.56928213,100000000,18.42068074,24,3776.711159,8.236608846,0.047919554,23.33333333,3.149882953,8,54.43209877,3.996954031,0,0,2.150946567,2.061518914,,0,0,0,3776.10799,-1.333322792,
140,140,gdw,b,02/07/2013 15:32,umbrella,0,1,5,5,0,1,1,,0,0,association,european,germany,germany_1,7,250000,"200,000 € - 299,999 €",5,12.4292162,,,1,0,0,1,1,0,1,1,0,0,0,,-1.239124458,,0,0,0,-0.603168538,-0.381242346,
141,141,ge,b,02/07/2013 18:25,Companies & groups,1,2,4,4,9,1,3,,1,2,corporation,global,usa,usa_0,19,1875999.5,"300,000 € - 399,999 €",7,14.44465214,150000000,18.82614585,13,2275.088697,7.729774318,0.085331172,12.69230769,2.540996116,3,29.39215686,3.380727865,0,0,-2.34603316,14.84220806,,0,0,0,2274.485528,-1.295911174,
142,142,gie,a,02/07/2013 18:05,Companies & groups,1,2,32,28,0,0,0,,1,2,firm,european,belgium,belgium_0,2,800000,"800,000 €",4,13.59236701,,,4,397.6510791,5.985574935,0.25,4,1.386294361,8,2.333333333,0.84729786,0.557803607,1.069553903,1,-0.373281151,,NA,NA,NA,397.0479106,-1.131242346,
143,143,glass for europe,a,23/05/2013 11:53,umbrella,0,1,34,31,100,0,0,,1,1,association,european,belgium,belgium_1,2,3.00E+05,"300,000 € - 399,999 €",5,12.61153775,,,2,68.42069636,4.225675357,0.5,2,0.693147181,9,2.473684211,0.905708623,0,0,,8.585954212,,NA,NA,NA,67.81752782,-0.881242346,
144,144,greenpeace,a,06/06/2013 13:46,ngo & think tank,1,3,21,6,0,0,0,,1,1,ngo,global,belgium,belgium_0,2,618172,"90,000 €",6,13.33452201,90000000,18.31532023,2,77.26178977,4.347199523,0.5,2,0.693147181,8,2.636363636,0.969400557,0,0,1,2.692203617,,NA,NA,NA,76.65862123,-0.881242346,
145,145,heat coalition,b,01/07/2013 11:00,umbrella,0,1,24,15,100,0,0,,1,1,association,european,belgium,belgium_1,2,,"100,000€ - 150,000€",3,,,,10,1986.985142,7.594373765,0.1,10,2.302585093,7,12.73333333,2.544223227,3.014407468,0.089129492,,-9.717373374,,NA,NA,NA,1986.381973,-1.281242346,
146,146,hermes,a,05/08/2013 12:09,Companies & groups,1,2,10,9,0,0,0,,0,0,corporation,global,uk,uk_0,18,250000,,5,12.4292162,4100000,15.22649753,1,0,0,1,1,0,3,0,NA,0,0,1,2,,NA,NA,NA,-0.603168538,-0.381242346,
147,147,hespul,a,05/08/2013 09:52,umbrella,0,1,14,6,100,0,0,,1,1,association,european,france,france_1,6,,"100,000€ - 150,000€",3,,,,2,268.8222638,5.594050432,0.5,2,0.693147181,3,9.777777778,2.280112237,0,0,,-1.356770199,,NA,NA,NA,268.2190953,-0.881242346,
148,148,hydro,b,02/07/2013 14:36,Companies & groups,1,2,9,11,50,1,1,,1,1,firm,global,norway,norway_0,12,50000,"50,000 €",6,10.81977828,75000000,18.13299867,2,1512,7.321188557,0.5,2,0.693147181,6,2.904761905,1.066351427,0,0,0.663929854,18.76062306,,0,0,0,1511.396831,-0.881242346,
149,149,i4ce,a,02/07/2013 23:04,ngo & think tank,1,3,9,11,100,0,0,,1,1,association,global,france,france_0,6,275072,"1,000,000 € - 1,249,999 €",5,12.52478816,,,1,0,0,1,1,0,7,1,0,0,0,0.14255664,0.872364251,,NA,NA,NA,-0.603168538,-0.381242346,
150,150,iberdrola,a,02/07/2013 13:02,Companies & groups,1,2,3,3,14,1,3,,1,1,firm,global,spain,spain_0,15,449999.5,"100,000 € - 199,999 €",6,13.01700175,30000000,17.21670794,10,703.5707281,6.556168409,0.104086224,9.8,2.282382386,6,27.29090909,3.306553646,0,0,-4.208260403,1.785424898,,0,0,0,702.9675596,-1.277156122,
151,151,ieta,a,02/07/2013 23:36,umbrella,0,1,8,8,8,0,0,,1,1,association,global,switzerland,switzerland_1,17,349999.5,"300,000 € - 399,999 €",5,12.765687,,,21,4708.307552,8.457083792,0.047619048,21,3.044522438,5,30.50877193,3.418014247,2.928468934,5.615157993,,10.76062306,,NA,NA,NA,4707.704383,-1.333623298,
152,152,iigcc,b,02/07/2013 16:29,Companies & groups,1,2,3,3,0,0,0,,1,1,firm,european,uk,uk_0,18,250000,"10,000 € - 24,999 €",5,12.4292162,13000000000,23.28821519,1,0,0,1,1,0,4,0,NA,0.139450902,0.267388476,1,2,,NA,NA,NA,-0.603168538,-0.381242346,
153,153,ikea,a,02/07/2013 17:49,Companies & groups,1,2,1,1,100,0,0,,0,0,firm,global,sweden,sweden_0,16,549999.5,"700,000 € - 799,999 €",6,13.21767265,28700000000,24.08016296,1,0,0,1,1,0,5,1,0,0,0,1.821861153,-2.321626614,,NA,NA,NA,-0.603168538,-0.381242346,
154,154,ikem,b,02/07/2013 19:09,umbrella,0,1,28,24,54,0,0,,1,1,association,european,sweden,sweden_1,16,449999.5,"500,000 € - 599,999 €",6,13.01700175,,,5,394.6304915,5.977949863,0.25653424,3.8,1.335001067,4,8.583333333,2.149822338,1.720315596,-0.267388476,,11.54128441,,NA,NA,NA,394.027323,-1.124708106,
155,155,ineos,b,02/07/2013 19:53,Companies & groups,1,2,16,14,37,1,2,,1,2,association,national,estonia,estonia_0,5,349999.5,"500,000 € - 599,999 €",5,12.765687,,,3,384.6796016,5.952410784,0.333333333,3,1.098612289,7,1.571428571,0.451985123,0,0,0.690271616,-3.766803534,,0,0,0,384.0764331,-1.047909013,
156,156,iwea,a,02/07/2013 15:32,umbrella,0,1,5,5,12,0,0,,0,0,association,european,ireland,ireland_1,9,50000,"< 9,999 €",3,10.81977828,,,13,1126.458294,7.026833737,0.071005917,13,2.564949357,5,24.49019608,3.198272877,1.812861721,3.476050186,,-15.37375248,,NA,NA,NA,1125.855125,-1.310236429,
157,157,jernkontoret,b,05/08/2013 12:09,umbrella,0,1,35,32,0,0,0,,1,2,association,national,sweden,sweden_1,16,549999.5,"50,000 € - 99,999 €",6,13.21767265,,,1,0,0,1,1,0,3,1,0,0,0,,3,,NA,NA,NA,-0.603168538,-0.381242346,
158,158,knauf,b,02/07/2013 15:23,umbrella,0,1,5,5,100,1,2,,0,0,association,european,belgium,belgium_1,2,549999.5,"1,000,000 € - 1,249,999 €",6,13.21767265,,,6,806.7029771,6.692955542,0.189670139,5.666666667,1.734601055,1,6.75,1.909542505,0,0,,1.265307521,,0,0,0,806.0998086,-1.191572207,
159,159,lafarge,b,02/07/2013 16:32,Companies & groups,1,2,27,17,100,0,0,,1,3,firm,global,france,france_0,6,150000,"100,000 € - 199,999 €",4,11.91839057,12843000,16.36830947,1,0,0,1,1,0,6,1,0,0,0,0.663929854,6.380311532,,NA,NA,NA,-0.603168538,-0.381242346,
160,160,lewiatan,b,01/07/2013 15:13,umbrella,0,1,12,10,100,0,0,,1,1,trade union,national,Poland,poland_1,13,250000,"700,000 € - 799,999 €",5,12.4292162,,,2,373.8667444,5.923899436,0.5,2,0.693147181,4,5.533333333,1.710790407,0.139450902,0.267388476,,22.64644719,,NA,NA,NA,373.2635759,-0.881242346,
161,161,marcogaz,b,02/07/2013 16:09,umbrella,0,1,35,32,0,0,0,,1,3,association,european,belgium,belgium_1,2,649999.5,"100,000 € - 199,999 €",6,13.38472687,,,1,0,0,1,1,0,6,1,0,0,0,,2.795959366,,NA,NA,NA,-0.603168538,-0.381242346,
162,162,medgrid,b,05/08/2013 12:10,Companies & groups,1,2,28,29,0,0,0,,0,0,international consortium,european,belgium,belgium_0,2,9999,"500,000 € - 599,999 €",2,9.210240367,600000,13.30468493,2,117.9858475,4.770564681,0.5,2,0.693147181,1,4.826086957,1.574035985,0.278901803,0.534776952,1,-5.65500657,,NA,NA,NA,117.382679,-0.881242346,
163,163,mew,a,01/07/2013 15:53,umbrella,0,1,8,8,0,0,0,,0,0,association,european,germany,germany_1,7,149999.5,"600,000 € - 699,999 €",4,11.91838724,,,1,0,0,1,1,0,3,0,NA,0,0,,2,,NA,NA,NA,-0.603168538,-0.381242346,
164,164,nabu,a,,ngo & think tank,1,3,17,15,0,0,0,,1,2,firm,global,germany,germany_0,7,349999.5,"400,000 € - 499,999 €",5,12.765687,,,3,33.87917712,3.522800581,0.333333333,3,1.098612289,9,3.5,1.252762968,0,0,1,-10.14256841,,NA,NA,NA,33.27600858,-1.047909013,
165,165,national grid,a,02/07/2013 10:33,Companies & groups,1,2,34,31,100,1,1,,1,2,firm,global,switzerland,switzerland_0,17,349999.5,"500,000 € - 599,999 €",5,12.765687,3000000,14.91412285,1,0,0,1,1,0,8,1,0,0,0,0.64697428,4.204167936,,0,0,0,-0.603168538,-0.381242346,
166,166,nestle,a,05/08/2013 12:12,Companies & groups,1,2,11,33,100,0,0,,0,0,ngo,european,denmark,denmark_0,4,449999.5,"25,000 € - 49,999 €",6,13.01700175,17311000,16.6668527,1,0,0,1,1,0,5,1,0,0,0,1.058340825,0.303110553,,NA,NA,NA,-0.603168538,-0.381242346,
167,167,noah,a,29/06/2013 12:21,Companies & groups,1,2,33,30,0,0,0,,1,2,firm,global,denmark,denmark_0,4,74999.5,"< 9,999 €",4,11.22523673,2000000000,21.41641302,2,3,1.098612289,0.5,2,0.693147181,7,1.8,0.587786665,0,0,1,-1.16641185,,NA,NA,NA,2.396831462,-0.881242346,
168,168,novozymes,b,02/07/2013 11:31,ngo & think tank,1,3,20,18,50,1,1,,1,1,association,european,france,france_0,6,549999.5,"100,000 € - 199,999 €",6,13.21767265,,,2,384,5.950642553,0.5,2,0.693147181,4,1,0,0,0,1.524156851,0.479875461,,0,0,0,383.3968315,-0.881242346,
169,169,oee,a,02/07/2013 18:55,umbrella,0,1,33,30,23,0,0,,0,0,association,european,belgium,belgium_1,2,349999.5,"300,000 € - 399,999 €",5,12.765687,,,7,141.6845345,4.953602998,0.160012871,6.428571429,1.860752341,5,19.46511628,2.968623955,1.310838475,0.802165428,,0.361216697,,NA,NA,NA,141.081366,-1.221229475,
170,170,omv,b,02/07/2013 16:07,Companies & groups,1,2,35,32,53,1,1,,1,2,firm,global,austria,austria_0,1,449999.5,"200,000 € - 299,999 €",6,13.01700175,47700000,17.68044196,3,131.1065946,4.876010692,0.333333333,3,1.098612289,5,3.4,1.223775432,0,0,2.582638935,1.235126635,,0,0,0,130.5034261,-1.047909013,
171,171,pkee,b,25/06/2013 15:34,umbrella,0,1,22,19,50,0,0,,1,4,association,european,poland,poland_1,13,850000,"€ 800,000 - € 899,999",6,13.65299163,,,3,442.9660903,6.093493222,0.333333333,3,1.098612289,11,5.615384615,1.725510084,0.928651059,1.247812887,,9.803455572,,NA,NA,NA,442.3629218,-1.047909013,
172,172,plastics europe,b,01/07/2013 16:02,umbrella,0,1,18,16,19,0,0,,1,2,association,global,belgium,belgium_1,2,10500000,"300,000 € - 399,999 €",9,16.16688582,,,9,506.2903951,6.227110408,0.142597006,7.444444444,2.007468042,6,27.20408163,3.303367022,1.115607213,2.139107807,,-3.07595679,,NA,NA,NA,505.6872266,-1.23864534,
173,173,pu europe,a,02/07/2013 09:35,umbrella,0,1,31,27,41,1,3,,0,0,association,european,belgium,belgium_1,2,150000,"10,000 € - 24,999 €",4,11.91839057,,,6,1756.132179,7.470869044,0.208517504,4.666666667,1.540445041,2,32.10204082,3.468919605,0.934321041,-0.133694238,,-12.09846179,,0,0,0,1755.52901,-1.172724842,
174,174,rea,a,02/07/2013 17:05,umbrella,0,1,6,15,0,0,0,,1,2,association,national,uk,uk_1,18,17499.5,"300,000 € - 399,999 €",2,9.769927588,,,2,18.36737101,2.910575776,0.5,2,0.693147181,9,5.090909091,1.627456418,0,0,,-5.098766111,,NA,NA,NA,17.76420247,-0.881242346,
175,175,recs,a,02/07/2013 15:43,umbrella,0,1,1,1,14,0,0,,0,0,association,european,netherlands,netherlands_1,11,850000,"€ 800,000 - € 899,999",5,13.65299163,,,9,660.3870025,6.492826031,0.111111111,9,2.197224577,3,8.2,2.104134154,1.255058115,2.406496283,,-16.54467657,,NA,NA,NA,659.783834,-1.270131235,
176,176,renewable uk,a,02/07/2013 17:54,Companies & groups,1,2,6,1,52,0,0,,0,0,firm,european,spain,spain_0,15,17499.5,,2,9.769927588,,,7,488.6896496,6.191727625,0.180079481,5.285714286,1.665007764,6,31.16949153,3.439439781,0.697254508,1.336942379,2.16724899,16.2274624,,NA,NA,NA,488.0864811,-1.201162865,
177,177,repsol,b,07/02/2013 07:28,Companies & groups,1,2,35,32,17,1,4,,1,3,firm,european,uk,uk_0,18,749999.5,"< 9,999 €",6,13.52782782,62865000,17.95650013,8,498.380496,6.211363833,0.158769772,7.5,2.014903021,4,17.52631579,2.863703511,0,0,-4.500141054,7.319512162,,0,0,0,497.7773275,-1.222472574,
178,178,res ,b,28/06/2013 18:03,Companies & groups,1,2,24,1,55,0,0,,1,1,firm,global,uk,uk_0,18,74999.5,"50,000 € - 99,999 €",4,11.22523673,2337000,14.66437861,2,4.568954258,1.519284351,0.5,2,0.693147181,7,4.166666667,1.427116356,0,0,2.268605522,0.670391845,,NA,NA,NA,3.96578572,-0.881242346,
179,179,rescoop,a,05/08/2013 12:14,umbrella,0,1,6,9,100,1,1,,0,0,association,european,belgium,belgium_1,2,150000,,4,11.91839057,,,1,0,0,1,1,0,4,1,0,0,0,,7.300034177,,0,0,0,-0.603168538,-0.381242346,
180,180,rwe,a,02/07/2013 19:53,Companies & groups,1,2,3,3,23,1,4,,0,0,firm,global,germany,germany_0,7,1.00E+06,,6,13.81551056,61323000,17.93166553,5,255.4291431,5.542945045,0.2,5,1.609437912,4,20.81818182,3.035826731,0,0,-3.895967845,1.212110059,,0,0,0,254.8259746,-1.181242346,
181,181,schneider electric,a,02/07/2013 19:46,Companies & groups,1,2,10,9,17,1,1,,0,0,firm,european,france,france_0,6,50000,50000,6,10.81977828,33151000,17.31658344,8,948.0287249,6.854384802,0.133072745,7.5,2.014903021,2,28.05882353,3.334303147,0,0,-9.01732941,-2.609401174,,0,0,0,947.4255564,-1.248169601,
182,182,schp,b,01/08/2013 16:33,umbrella,0,1,18,16,0,0,0,,1,2,association,european,czech republic,czech republic_1,3,,,0,,,,2,0,0,0.605079995,1,0,6,1.947368421,0.666478933,0,0,,6.805048028,,NA,NA,NA,-0.603168538,-0.776162351,
183,183,shell,a,02/07/2013 16:37,Companies & groups,1,2,32,28,11,1,9,,1,2,firm,global,netherlands,netherlands_0,11,4624500,"800,000 € - 899,999 €",8,15.34687881,431344000,19.88241647,15,2468.517425,7.811373017,0.072326713,14.6,2.681021529,13,48.38666667,3.879224294,0,0,0.173369574,-2.880280491,,0,0,0,2467.914256,-1.308915633,
184,184,shv,a,17/06/2013 15:06,Companies & groups,1,2,13,12,100,0,0,,1,1,firm,global,netherlands,netherlands_0,11,749999.5,"50,000 € - 99,999 €",6,13.52782782,1900000000,21.36511972,1,0,0,1,1,0,8,1,0,0,0,0.296565165,-1.721137035,,NA,NA,NA,-0.603168538,-0.381242346,
185,185,solvay,b,28/06/2013 21:30,Companies & groups,1,2,22,19,14,1,4,,1,2,firm,global,belgium,belgium_0,2,949999.5,"100,000 € - 199,999 €",6,13.76421674,,,10,1474.521367,7.296088719,0.111616079,9.4,2.240709689,10,25.80851064,3.250704307,0,0,1.695404131,-19.21582749,,0,0,0,1473.918198,-1.269626267,
186,186,sse,a,02/07/2013 13:59,Companies & groups,1,2,14,6,25,1,1,,1,1,firm,european,uk,uk_0,18,150000,"50,000 € - 99,999 €",4,11.91839057,600000000,20.21244021,6,782.6524417,6.662688717,0.166666667,6,1.791759469,8,16.28205128,2.790063353,0,0,-0.767923676,1.413543119,,0,0,0,782.0492732,-1.214575679,
187,187,statkraft,a,07/02/2013 07:28,Companies & groups,1,2,8,8,31,1,1,,0,0,firm,global,norway,norway_0,12,449999.5,"10,000 € - 24,999 €",6,13.01700175,85000000,18.25816181,4,107.4030222,4.676588321,0.25,4,1.386294361,5,16.48837209,2.802655411,0,0,2.104142978,0.464985228,,0,0,0,106.7998537,-1.131242346,
188,188,statoil,b,27/06/2013 10:52,Companies & groups,1,2,35,32,38,0,0,,1,3,firm,global,norway,norway_0,12,2624500,"50,000 € - 99,999 €",7,14.78040096,10625000000,23.08647555,3,80.39452664,4.386946097,0.333333333,3,1.098612289,11,8.043478261,2.084861609,0,0,2.012454567,-12.19909422,,NA,NA,NA,79.7913581,-1.047909013,
189,189,svebio,a,05/08/2013 12:15,umbrella,0,1,33,30,0,0,0,,0,0,association,national,sweden,sweden_1,16,74999.5,"10,000 € - 24,999 €",4,11.22523673,,,1,0,0,1,1,0,6,1,0,0,0,,4.409840221,,NA,NA,NA,-0.603168538,-0.381242346,
190,190,swea,a,01/07/2013 13:17,umbrella,0,1,6,5,0,0,0,,0,0,association,national,sweden,sweden_1,16,,,0,,,,2,25.56589011,3.241259045,0.5,2,0.693147181,4,5.434782609,1.692819521,0.655330034,0.031831961,,5.580128586,,NA,NA,NA,24.96272157,-0.881242346,
191,191,swedenergy,a,28/06/2013 15:30,umbrella,0,1,8,8,0,0,0,,0,0,association,national,sweden,sweden_1,16,549999.5,"100,000 € - 199,999 €",6,13.21767265,,,1,0,0,1,1,0,5,1,0,0,0,,0.899374201,,NA,NA,NA,-0.603168538,-0.381242346,
192,192,swedish enterprise,b,02/07/2013 13:47,umbrella,0,1,12,10,0,0,0,,1,1,association,national,sweden,sweden_1,16,1124500,"100,000 € - 199,999 €",6,13.93284905,,,1,0,0,1,1,0,4,1,0,0.65554558,0.401082714,,6.770642205,,NA,NA,NA,-0.603168538,-0.381242346,
193,193,t&e,b,02/07/2013 17:51,ngo & think tank,1,3,33,30,100,0,0,,0,0,ngo,global,belgium,belgium_0,2,749999.5,,6,13.52782782,,,5,493.7852457,6.202100697,0.216566228,4.6,1.526056303,4,9,2.197224577,0.557803607,1.069553903,0.410823343,-11.47002125,,NA,NA,NA,493.1820772,-1.164676118,
194,194,tauron,b,02/07/2013 13:55,Companies & groups,1,2,16,14,100,0,0,,1,1,firm,national,Poland,poland_0,13,17499.5,"300,000 € - 399,999 €",2,9.769927588,78000000,18.17221938,1,0,0,1,1,0,4,1,0,0,0,1.545307987,5.901727786,,NA,NA,NA,-0.603168538,-0.381242346,
195,195,total,b,05/08/2013 12:16,Companies & groups,1,2,35,32,12,1,6,,1,3,firm,global,france,france_0,6,1850000,"€ 100,000 - € 199,999",7,14.4306962,928000000,20.64854229,13,1538.420695,7.338511646,0.080644373,12.69230769,2.540996116,4,39.67692308,3.680769736,0,0,0.053122344,7.03546776,,0,0,0,1537.817526,-1.300597973,
196,196,uic,b,02/07/2013 18:42,umbrella,0,1,12,10,58,0,0,,1,2,association,national,france,france_1,6,150000,"100,000 € - 199,999 €",4,11.91839057,,,3,266.6885767,5.586081598,0.333333333,3,1.098612289,4,21.76595745,3.080347164,0.278901803,0.534776952,,-2.138285008,,NA,NA,NA,266.0854082,-1.047909013,
197,197,uitp,b,27/06/2013 11:26,umbrella,0,1,17,34,100,0,0,,0,0,association,european,belgium,belgium_1,2,749999.5,"100,000 € - 199,999 €",6,13.52782782,,,1,0,0,1,1,0,1,1,0,0.139450902,0.267388476,,-2.626055508,,NA,NA,NA,-0.603168538,-0.381242346,
198,198,unesa,b,01/07/2013 08:29,umbrella,0,1,12,10,56,0,0,,1,1,association,national,spain,spain_1,15,,"200,000 € - 299,999 €",6,,,,2,3.3988736,1.223444083,0.5,2,0.693147181,3,1.833333333,0.606135803,0.278901803,0.534776952,,-1.920477835,,NA,NA,NA,2.795705062,-0.881242346,
199,199,unife,a,02/07/2013 10:09,umbrella,0,1,8,8,100,0,0,,0,0,association,european,belgium,belgium_1,2,,"200,000 € - 299,999 €",6,,,,1,0,0,1,1,0,2,1,0,0.139450902,0.267388476,,-2.626055508,,NA,NA,NA,-0.603168538,-0.381242346,
200,200,upei,b,01/07/2013 10:56,umbrella,0,1,1,1,0,0,0,,0,0,association,european,belgium,belgium_1,2,250000,"700,000 € - 799,999 €",5,12.4292162,,,1,0,0,1,1,0,2,0,NA,0.139450902,0.267388476,,2,,NA,NA,NA,-0.603168538,-0.381242346,
201,201,uprigaz,b,27/06/2013 13:50,umbrella,0,1,13,12,40,0,0,,1,1,association,european,france,france_1,6,50000,50000,5,10.81977828,,,3,15.43251486,2.736476638,0.333333333,3,1.098612289,2,7.125,1.963609726,0.418352705,0.802165428,,12.28960065,,NA,NA,NA,14.82934632,-1.047909013,
202,202,vattenfall,b,01/07/2013 10:06,Companies & groups,1,2,29,25,28,1,3,,1,2,firm,european,sweden,sweden_0,16,949999.5,"< 9,999 €",6,13.76421674,24100000,16.9977224,4,107.0133138,4.672953255,0.25,4,1.386294361,4,10.64705882,2.365283687,0,0,2.749556619,-8.085258879,,0,0,0,106.4101453,-1.131242346,
203,203,velux,a,02/07/2013 17:01,Companies & groups,1,2,14,6,50,1,1,,1,1,firm,global,denmark,denmark_0,4,74999.5,"10,000 € - 24,999 €",4,11.22523673,2381000000,21.5907864,3,30.20925714,3.408148405,0.402970679,2.333333333,0.84729786,4,6.75,1.909542505,0,0,0.123893565,-10.92105175,,0,0,0,29.6060886,-0.978271667,
204,204,veolia,a,10/07/2013 11:41,Companies & groups,1,2,6,15,11,1,1,,0,0,firm,global,france,france_0,6,849999.5,"250,000€ - 300,000€",6,13.65299104,314000000,19.56490354,11,1468.152727,7.291760241,0.104584531,10.27272727,2.329492546,7,40.125,3.691999581,0,0,5.887645521,2.927757098,,0,0,0,1467.549558,-1.276657815,
205,205,verbund,a,01/07/2013 16:11,Companies & groups,1,2,26,23,100,1,1,,1,1,firm,european,austria,austria_0,1,349999.5,"10,000 € - 24,999 €",5,12.765687,2000000,14.50865774,1,0,0,1,1,0,4,1,0,0,0,1.374284316,-0.638290287,,0,0,0,-0.603168538,-0.381242346,
206,206,vestas,a,14/06/2013 15:36,Companies & groups,1,2,14,6,28,1,1,,1,1,firm,global,denmark,denmark_0,4,9999,"9,999 €",5,9.210240367,6900000000,22.65478725,5,121.0748758,4.796409162,0.16,5,1.609437912,10,9.16,2.214846179,0,0,0.136419669,-13.19714346,,0,0,0,120.4717073,-1.221242346,
207,207,wartsila,a,05/08/2013 12:19,Companies & groups,1,2,11,33,35,1,1,,0,0,firm,global,finland,finland_0,5,250000,"1,000,000 € - 1,249,999 €",5,12.4292162,4600000,15.34156686,3,168.5716413,5.12736083,0.333333333,3,1.098612289,2,14.0625,2.64351168,0,0,1.157901756,-5.143389448,,0,0,0,167.9684728,-1.047909013,
208,208,wgbc,a,02/07/2013 17:15,ngo & think tank,1,3,10,6,50,0,0,,0,0,ngo,global,usa,usa_0,19,74999.5,,4,11.22523673,,,4,338.1817305,5.823583415,0.289171007,3.5,1.252762968,3,15.8,2.76000994,0.418352705,0.802165428,1.138670782,-1.143119222,,NA,NA,NA,337.578562,-1.092071339,
209,209,wiegand glas,b,02/07/2013 15:32,Companies & groups,1,2,19,17,50,0,0,,1,3,firm,national,germany,germany_0,7,150000,,4,11.91839057,480000000,19.98929666,2,4,1.386294361,0.5,2,0.693147181,4,1,0,0,0,1,6,,NA,NA,NA,3.396831462,-0.881242346,
210,210,wko,a,05/08/2013 12:20,umbrella,0,1,11,29,0,0,0,,0,0,association,national,austria,austria_1,1,1874999.5,,7,14.44411895,240133174,19.29670422,3,766,6.64118217,0.333333333,3,1.098612289,4,1,0,0,0,,28.76062306,,NA,NA,NA,765.3968315,-1.047909013,
211,211,wvw,a,03/07/2013 16:50,umbrella,0,1,14,6,0,0,0,,0,0,association,national,germany,germany_1,7,,"200,000 € - 299,999 €",6,,,,1,0,0,1,1,0,5,0,NA,0,0,,2,,NA,NA,NA,-0.603168538,-0.381242346,
212,212,wwf,a,07/02/2013 07:28,ngo & think tank,1,3,21,6,38,0,0,,0,0,ngo,global,belgium,belgium_0,2,2850000,"€ 10,000 - € 24,999",7,14.86282955,,,7,1437.590798,7.270723935,0.178365601,5.857142857,1.767661918,7,23.63157895,3.162583909,0,0,-1.615898471,-15.16913991,,NA,NA,NA,1436.987629,-1.202876745,
213,213,zep,b,01/07/2013 16:08,umbrella,0,1,25,22,20,0,0,,1,1,association,european,uk,uk_1,18,90000,"200,000 € - 299,999 €",4,11.40756495,398000,12.89420728,9,1943.839286,7.57242031,0.146373177,8.333333333,2.120263536,1,24.65,3.2047769,1.667740838,2.451061029,,-14.63787668,,NA,NA,NA,1943.236117,-1.234869169,
